NAME,AGE,M1,M2,M3,AVG
rachana,20,10,6,7,7.666666667
sanjana,12,9,9,8,8.666666667
swaroopa,12,6,7,3,5.333333333
gowri,15,8,8,5,7
sharada,9,9,10,5,8
